Company Name,Career Search URL,Platform Type,Status,Details
Amazon,https://www.amazon.jobs/en/search?base_query=data&loc_query=United+States,custom,Working,OK - HTTP 200
Google,https://www.google.com/about/careers/applications/jobs/results/?location=United%20States&q=data,custom,Working,OK - HTTP 200
Microsoft,https://careers.microsoft.com/us/en/search-results?keywords=data&location=United%20States,custom,Working,OK - HTTP 200
Meta,https://www.metacareers.com/jobs?q=data&location=United%20States,custom,Not Working,Error - HTTP 400
Apple,https://jobs.apple.com/en-us/search?search=data&sort=relevance&location=united-states-USA,custom,Working,OK - HTTP 200
Netflix,https://jobs.netflix.com/search?q=data&location=United%20States,custom,Not Working,Error - HTTP 403
Salesforce,https://careers.salesforce.com/en/jobs/?search=data&location=United%20States,custom,Working,OK - HTTP 200
Adobe,https://careers.adobe.com/us/en/search-results?keywords=data&location=United%20States,workday,Working,OK - HTTP 200
Oracle,https://careers.oracle.com/jobs/#en/sites/jobsearch/requisitions?keyword=data&location=United%20States&locationId=300000000149325,custom,Working,OK - HTTP 200
IBM,https://www.ibm.com/employment/#jobs?search=data&location=United%20States,custom,Working,OK - HTTP 200
Intel,https://jobs.intel.com/en/search-jobs/data/united%20states/599/1/2/6252001/37/-122/50/2,custom,Not Working,Error - HTTP 403
Cisco,https://jobs.cisco.com/jobs/SearchJobs/data?3_109_3=United%20States,custom,Working,OK - HTTP 200
NVIDIA,https://nvidia.wd5.myworkdayjobs.com/en-US/NVIDIAExternalCareerSite?q=data&locations=91336993fab910af6d701bd1d8da08b5,workday,Working,OK - HTTP 200
Uber,https://www.uber.com/us/en/careers/list/?query=data&location=United%20States,custom,Not Working,Error - HTTP 406
Lyft,https://www.lyft.com/careers#openings?search=data,custom,Working,OK - HTTP 200
Airbnb,https://careers.airbnb.com/positions/?location=United%20States&team=&keywords=data,greenhouse,Working,OK - HTTP 200
Stripe,https://stripe.com/jobs/search?q=data&locations=North%20America--United%20States,custom,Working,OK - HTTP 200
Square,https://careers.squareup.com/us/en/jobs?q=data&location=United%20States,custom,Working,OK - HTTP 200
PayPal,https://paypal.eightfold.ai/careers?query=data&location=United%20States,eightfold,Working,OK - HTTP 200
Intuit,https://jobs.intuit.com/search-jobs/data/27595/1/2/6252001/37/-122/50/2,custom,Working,OK - HTTP 200
Workday,https://workday.wd5.myworkdayjobs.com/en-US/Workday?q=data&locations=cdaca0e4700301ecf2610083bc0144e0,workday,Working,OK - HTTP 200
ServiceNow,https://careers.servicenow.com/jobs/search?q=data&location=United%20States,custom,Not Working,Error - HTTP 403
Splunk,https://jobs.jobvite.com/splunk/search?q=data&l=United%20States,jobvite,Working,OK - HTTP 200
Snowflake,https://careers.snowflake.com/us/en/search-results?keywords=data&location=United%20States,custom,Working,OK - HTTP 200
Databricks,https://www.databricks.com/company/careers/open-positions?q=data&location=United%20States,lever,Working,OK - HTTP 200
MongoDB,https://www.mongodb.com/company/careers/jobs?query=data&location=United%20States,greenhouse,Not Working,Error - HTTP 404
Confluent,https://jobs.lever.co/confluent?location=United%20States&team=Engineering,lever,Not Working,Error - HTTP 404
Elastic,https://jobs.elastic.co/jobs?q=data&location=United%20States,greenhouse,Not Working,Error - Exceeded 30 redirects.
Cloudflare,https://www.cloudflare.com/careers/jobs/?q=data&location=United%20States,greenhouse,Working,OK - HTTP 200
Twilio,https://www.twilio.com/company/jobs?q=data&location=United%20States,greenhouse,Working,OK - HTTP 200
Okta,https://www.okta.com/company/careers/?q=data&location=United%20States,custom,Working,OK - HTTP 200
Zoom,https://careers.zoom.us/jobs/search?q=data&location=United%20States,custom,Working,OK - HTTP 200
Dropbox,https://www.dropbox.com/jobs/all-jobs?q=data&location=United%20States,greenhouse,Not Working,Error - HTTP 403
DocuSign,https://careers.docusign.com/jobs/search?q=data&location=United%20States,custom,Not Working,Error - HTTP 404
Atlassian,https://www.atlassian.com/company/careers/all-jobs?search=data&location=United%20States,custom,Working,OK - HTTP 200
Slack,https://slack.com/careers#openings?q=data&location=United%20States,greenhouse,Working,OK - HTTP 200
Palantir,https://jobs.lever.co/palantir?location=United%20States&team=Engineering,lever,Working,OK - HTTP 200
Coinbase,https://www.coinbase.com/careers/positions?q=data&location=United%20States,custom,Not Working,Error - HTTP 403
Robinhood,https://robinhood.com/us/en/careers/openings/?query=data&location=United%20States,greenhouse,Not Working,Error - HTTP 404
Figma,https://www.figma.com/careers/#job-openings?q=data,custom,Working,OK - HTTP 200
Canva,https://www.canva.com/careers/jobs/?search=data&location=United%20States,custom,Not Working,Error - HTTP 403
Notion,https://www.notion.so/careers?q=data&location=United%20States,custom,Working,OK - HTTP 200
Airtable,https://airtable.com/careers?q=data&location=United%20States,custom,Working,OK - HTTP 200
Asana,https://asana.com/jobs/all?q=data&location=United%20States,custom,Working,OK - HTTP 200
Monday.com,https://monday.com/careers?q=data&location=United%20States,custom,Working,OK - HTTP 200
Miro,https://miro.com/careers/?q=data&location=United%20States,custom,Working,OK - HTTP 200
Linear,https://linear.app/careers?q=data,custom,Working,OK - HTTP 200
Vercel,https://vercel.com/careers?q=data,custom,Working,OK - HTTP 200
Supabase,https://supabase.com/careers?q=data,custom,Working,OK - HTTP 200
PlanetScale,https://planetscale.com/careers?q=data,custom,Working,OK - HTTP 200
Retool,https://retool.com/careers?q=data,custom,Working,OK - HTTP 200
Amplitude,https://amplitude.com/careers?q=data&location=United%20States,custom,Working,OK - HTTP 200
Segment,https://segment.com/careers/?q=data,custom,Working,OK - HTTP 200
Mixpanel,https://mixpanel.com/careers/?q=data,custom,Working,OK - HTTP 200
LaunchDarkly,https://launchdarkly.com/careers/?q=data,custom,Working,OK - HTTP 200
HashiCorp,https://www.hashicorp.com/careers?q=data&location=United%20States,custom,Working,OK - HTTP 200
GitLab,https://about.gitlab.com/jobs/all-jobs/?search=data&location=United%20States,custom,Not Working,Error - HTTP 400
GitHub,https://www.github.careers/careers-home/jobs?q=data&location=United%20States,custom,Working,OK - HTTP 200
Automattic,https://automattic.com/work-with-us/?q=data,custom,Working,OK - HTTP 200
Reddit,https://www.redditinc.com/careers?q=data&location=United%20States,custom,Working,OK - HTTP 200
Pinterest,https://www.pinterestcareers.com/jobs/?q=data&location=United%20States,custom,Not Working,Error - HTTP 403
Snap,https://careers.snap.com/jobs?q=data&location=United%20States,custom,Working,OK - HTTP 200
Discord,https://discord.com/careers?q=data&location=United%20States,custom,Working,OK - HTTP 200
Twitter/X,https://careers.twitter.com/en/jobs.html#702.8-80.3&q=data,custom,Not Working,Error - HTTP 404
LinkedIn,https://www.linkedin.com/jobs/linkedin-jobs-worldwide/?keywords=data&location=United%20States,custom,Working,OK - HTTP 200
Indeed,https://www.indeed.com/cmp/Indeed/jobs?q=data&l=United%20States,custom,Not Working,Error - HTTP 403
Glassdoor,https://www.glassdoor.com/Jobs/Glassdoor-Jobs-E100431.htm?filter.keyword=data,custom,Not Working,Error - HTTP 403
ZipRecruiter,https://www.ziprecruiter.com/careers/?search=data,custom,Not Working,Error - HTTP 403
DoorDash,https://careers.doordash.com/jobs/search?query=data&location=United%20States,lever,Not Working,Error - HTTP 403
Instacart,https://careers.instacart.com/jobs/search?query=data&location=United%20States,lever,Not Working,Error - HTTP 404
Grubhub,https://careers.grubhub.com/jobs/?q=data&location=United%20States,custom,Not Working,Error - HTTP 404
Postmates,https://postmates.com/careers?q=data,custom,Not Working,Error - HTTP 404
Gopuff,https://jobs.lever.co/gopuff?department=Data&location=United%20States,lever,Working,OK - HTTP 200
Toast,https://careers.toasttab.com/jobs/search?q=data&location=United%20States,custom,Working,OK - HTTP 200
Shopify,https://www.shopify.com/careers/search?q=data&location=United%20States,custom,Not Working,Error - HTTP 404
Squarespace,https://www.squarespace.com/about/careers?q=data&location=United%20States,custom,Working,OK - HTTP 200
BigCommerce,https://careers.bigcommerce.com/jobs/?q=data&location=United%20States,custom,Working,OK - HTTP 200
Wix,https://www.wix.com/jobs/locations/usa?q=data,custom,Not Working,Error - HTTP 404
Webflow,https://webflow.com/careers?q=data,custom,Working,OK - HTTP 200
HubSpot,https://www.hubspot.com/careers/jobs?q=data&location=United%20States,custom,Working,OK - HTTP 200
Mailchimp,https://mailchimp.com/jobs/?search=data&location=United%20States,custom,Working,OK - HTTP 200
Zendesk,https://jobs.zendesk.com/us/en/search-results?keywords=data&location=United%20States,custom,Working,OK - HTTP 200
Freshworks,https://careers.freshworks.com/jobs/?q=data&location=United%20States,custom,Working,OK - HTTP 200
Intercom,https://www.intercom.com/careers?q=data&location=United%20States,custom,Working,OK - HTTP 200
Drift,https://www.drift.com/company/careers/?q=data&location=United%20States,custom,Working,OK - HTTP 200
Braze,https://www.braze.com/company/careers?q=data&location=United%20States,custom,Working,OK - HTTP 200
Klaviyo,https://www.klaviyo.com/careers?q=data&location=United%20States,custom,Working,OK - HTTP 200
Sprinklr,https://www.sprinklr.com/careers/?q=data&location=United%20States,custom,Working,OK - HTTP 200
Sprout Social,https://sproutsocial.com/careers/?search=data&location=United%20States,custom,Working,OK - HTTP 200
Hootsuite,https://careers.hootsuite.com/jobs/search?q=data,custom,Working,OK - HTTP 200
Buffer,https://buffer.com/journey?q=data,custom,Working,OK - HTTP 200
Later,https://later.com/careers?q=data,custom,Working,OK - HTTP 200
Samsara,https://www.samsara.com/company/careers?q=data&location=United%20States,custom,Working,OK - HTTP 200
Verkada,https://www.verkada.com/careers/?q=data&location=United%20States,custom,Working,OK - HTTP 200
Scale AI,https://scale.com/careers?q=data&location=United%20States,custom,Working,OK - HTTP 200
Labelbox,https://labelbox.com/company/careers/?q=data,custom,Working,OK - HTTP 200
Weights & Biases,https://wandb.ai/careers?q=data,custom,Working,OK - HTTP 200
Hugging Face,https://huggingface.co/jobs?q=data,custom,Not Working,Error - HTTP 404
OpenAI,https://openai.com/careers/search?q=data,custom,Not Working,Error - HTTP 403
Anthropic,https://www.anthropic.com/careers#open-roles?q=data,custom,Working,OK - HTTP 200
Cohere,https://cohere.com/careers?q=data,custom,Working,OK - HTTP 200
Stability AI,https://stability.ai/careers?q=data,custom,Working,OK - HTTP 200
Midjourney,https://www.midjourney.com/careers?q=data,custom,Not Working,Error - HTTP 403
Runway,https://runwayml.com/careers?q=data,custom,Working,OK - HTTP 200
Jasper AI,https://www.jasper.ai/careers?q=data,custom,Working,OK - HTTP 200
Copy.ai,https://www.copy.ai/careers?q=data,custom,Not Working,Error - HTTP 404
Grammarly,https://www.grammarly.com/jobs/openings?q=data&location=United%20States,custom,Working,OK - HTTP 200
Duolingo,https://careers.duolingo.com/?q=data&location=United%20States,custom,Working,OK - HTTP 200
Coursera,https://about.coursera.org/careers/jobs/?q=data&location=United%20States,custom,Working,OK - HTTP 200
Udemy,https://about.udemy.com/careers/?search=data&location=United%20States,custom,Not Working,Error - HTTP 403
Chegg,https://www.chegg.com/about/careers/?search=data&location=United%20States,custom,Not Working,Error - HTTP 403
Quizlet,https://quizlet.com/careers?q=data&location=United%20States,custom,Not Working,Error - HTTP 403
Khan Academy,https://www.khanacademy.org/careers?q=data,custom,Working,OK - HTTP 200
Masterclass,https://www.masterclass.com/careers?q=data,custom,Not Working,Error - HTTP 403
Calm,https://www.calm.com/careers?q=data&location=United%20States,custom,Not Working,Error - HTTP 403
Headspace,https://www.headspace.com/join-us?q=data&location=United%20States,custom,Working,OK - HTTP 200
Noom,https://www.noom.com/careers/?search=data&location=United%20States,custom,Working,OK - HTTP 200
Peloton,https://www.onepeloton.com/careers?q=data&location=United%20States,custom,Working,OK - HTTP 200
Strava,https://www.strava.com/careers?q=data&location=United%20States,custom,Working,OK - HTTP 200
Zwift,https://www.zwift.com/careers?q=data,custom,Working,OK - HTTP 200
Waze,https://www.waze.com/jobs?q=data,custom,Not Working,Error - HTTP 404
Tesla,https://www.tesla.com/careers/search?query=data&location=United%20States,custom,Not Working,Error - HTTP 403
SpaceX,https://www.spacex.com/careers/?search=data&location=United%20States,custom,Working,OK - HTTP 200
Rivian,https://rivian.com/careers?q=data&location=United%20States,custom,Working,OK - HTTP 200
Lucid Motors,https://www.lucidmotors.com/careers?q=data&location=United%20States,custom,Working,OK - HTTP 200
Aurora,https://aurora.tech/careers?q=data&location=United%20States,custom,Working,OK - HTTP 200
Waymo,https://waymo.com/careers/#jobs?q=data&location=United%20States,custom,Working,OK - HTTP 200
Cruise,https://www.getcruise.com/careers/jobs?q=data&location=United%20States,custom,Working,OK - HTTP 200
Argo AI,https://www.argo.ai/join-us/?q=data&location=United%20States,custom,Not Working,Error - Connection failed
Nuro,https://www.nuro.ai/careers?q=data&location=United%20States,custom,Working,OK - HTTP 200
Zoox,https://zoox.com/careers/?q=data&location=United%20States,custom,Working,OK - HTTP 200
Bird,https://www.bird.co/careers?q=data&location=United%20States,custom,Working,OK - HTTP 200
Lime,https://www.li.me/careers?q=data&location=United%20States,custom,Not Working,Error - HTTP 403
ChargePoint,https://www.chargepoint.com/about/careers?q=data&location=United%20States,custom,Not Working,Error - HTTP 404
Sila Nanotechnologies,https://silanano.com/careers?q=data&location=United%20States,custom,Working,OK - HTTP 200
QuantumScape,https://www.quantumscape.com/careers?q=data&location=United%20States,custom,Working,OK - HTTP 200
Bloomberg,https://careers.bloomberg.com/job/search?q=data&location=United%20States,custom,Not Working,Error - HTTP 403
Thomson Reuters,https://careers.thomsonreuters.com/us/en/search-results?keywords=data&location=United%20States,custom,Working,OK - HTTP 200
FactSet,https://www.factset.com/careers?q=data&location=United%20States,custom,Working,OK - HTTP 200
S&P Global,https://careers.spglobal.com/jobs?keywords=data&location=United%20States,custom,Working,OK - HTTP 200
Moody's,https://careers.moodys.com/jobs?keywords=data&location=United%20States,custom,Working,OK - HTTP 200
MSCI,https://careers.msci.com/ListJobs?keyword=data&location=United%20States,custom,Not Working,Error - HTTP 404
BlackRock,https://careers.blackrock.com/job-search-results/?keyword=data&location=United%20States,custom,Not Working,Error - HTTP 404
Vanguard,https://www.vanguardjobs.com/search-jobs?keywords=data&location=United%20States,custom,Not Working,Error - HTTP 404
Fidelity,https://jobs.fidelity.com/jobs/?q=data&location=United%20States,custom,Not Working,Error - HTTP 403
Charles Schwab,https://jobs.schwabjobs.com/search?q=data&location=United%20States,custom,Working,OK - HTTP 200
T. Rowe Price,https://troweprice.wd5.myworkdayjobs.com/en-US/TRowePrice?q=data&locations=e1e46b4b09d00127e3ba20f51a370000,workday,Working,OK - HTTP 200
State Street,https://statestreet.wd1.myworkdayjobs.com/en-US/Global?q=data,workday,Working,OK - HTTP 200
Northern Trust,https://careers.northerntrust.com/search/?q=data&location=United%20States,custom,Working,OK - HTTP 200
BNY Mellon,https://bnymellon.eightfold.ai/careers?query=data&location=United%20States,eightfold,Working,OK - HTTP 200
Capital One,https://www.capitalonecareers.com/search-jobs?q=data&location=United%20States,custom,Working,OK - HTTP 200
JPMorgan Chase,https://jpmc.fa.oraclecloud.com/hcmUI/CandidateExperience/en/sites/CX_1001/requisitions?keyword=data&location=United%20States,custom,Working,OK - HTTP 200
Goldman Sachs,https://www.goldmansachs.com/careers/find-a-job?q=data&location=United%20States,custom,Not Working,Error - HTTP 403
Morgan Stanley,https://morganstanley.eightfold.ai/careers?query=data&location=United%20States,eightfold,Working,OK - HTTP 200
Bank of America,https://careers.bankofamerica.com/en-us/search-results?keywords=data&location=United%20States,custom,Not Working,Error - HTTP 403
Citigroup,https://jobs.citi.com/search?q=data&location=United%20States,custom,Not Working,Error - HTTP 404
Wells Fargo,https://www.wellsfargojobs.com/en/jobs/?search=data&location=United%20States,custom,Not Working,Error - HTTP 403
AmericanExpress,https://aexp.eightfold.ai/careers?query=data&location=United%20States,eightfold,Working,OK - HTTP 200
Visa,https://usa.visa.com/careers/job-search.html?query=data&location=United%20States,custom,Not Working,Error - HTTP 404
Mastercard,https://mastercard.wd1.myworkdayjobs.com/en-US/CorporateCareers?q=data&locations=c4f78be1a8f14e3eb8f0f00c16846c37,workday,Working,OK - HTTP 200
Discover,https://jobs.discover.com/jobs?q=data&location=United%20States,custom,Working,OK - HTTP 200
Synchrony,https://synchronycareers.com/search/?q=data&location=United%20States,custom,Not Working,Error - HTTP 404
Klarna,https://www.klarna.com/careers/jobs/?q=data&location=United%20States,custom,Not Working,Error - HTTP 404
Affirm,https://boards.greenhouse.io/affirm?q=data&location=United%20States,greenhouse,Working,OK - HTTP 200
Afterpay,https://www.afterpay.com/en-US/careers?q=data,custom,Not Working,Error - HTTP 404
Chime,https://www.chime.com/careers/?q=data&location=United%20States,custom,Not Working,Error - HTTP 403
SoFi,https://www.sofi.com/careers/?q=data&location=United%20States,custom,Working,OK - HTTP 200
Marcus by Goldman,https://www.marcus.com/us/en/careers?q=data,custom,Not Working,Error - HTTP 403
Betterment,https://www.betterment.com/careers?q=data&location=United%20States,custom,Working,OK - HTTP 200
Wealthfront,https://www.wealthfront.com/careers?q=data,custom,Working,OK - HTTP 200
Acorns,https://www.acorns.com/careers?q=data,custom,Working,OK - HTTP 200
Personal Capital,https://www.personalcapital.com/careers?q=data,custom,Working,OK - HTTP 200
Mint,https://mint.intuit.com/careers?q=data,custom,Working,OK - HTTP 200
Experian,https://www.experianplc.com/careers?q=data&location=United%20States,custom,Not Working,Error - HTTP 404
Equifax,https://careers.equifax.com/jobs?keywords=data&location=United%20States,custom,Not Working,Error - HTTP 403
TransUnion,https://transunion.wd5.myworkdayjobs.com/en-US/TransUnion?q=data&locations=a32bef7007ce01c6f0a10c45bce00000,workday,Working,OK - HTTP 200
Fair Isaac (FICO),https://www.fico.com/careers?q=data&location=United%20States,custom,Working,OK - HTTP 200
LexisNexis,https://relx.wd3.myworkdayjobs.com/en-US/LexisNexisLegal?q=data,workday,Working,OK - HTTP 200
Dun & Bradstreet,https://dnb.wd1.myworkdayjobs.com/en-US/DNB?q=data,workday,Not Working,Error - HTTP 404
Verisk,https://verisk.wd1.myworkdayjobs.com/en-US/Verisk?q=data,workday,Not Working,Error - HTTP 500
Costar Group,https://www.costargroup.com/careers?q=data,custom,Not Working,Error - HTTP 403
Zillow,https://www.zillow.com/careers/jobs/?q=data&location=United%20States,custom,Not Working,Error - HTTP 403
Redfin,https://www.redfin.com/about/careers?q=data&location=United%20States,custom,Not Working,Error - HTTP 404
Compass,https://www.compass.com/careers/?q=data&location=United%20States,custom,Working,OK - HTTP 200
Opendoor,https://www.opendoor.com/careers?q=data&location=United%20States,custom,Working,OK - HTTP 200
Offerpad,https://www.offerpad.com/careers?q=data,custom,Working,OK - HTTP 200
Rocket Companies,https://www.myrocketcareer.com/Jobs?q=data&location=United%20States,custom,Not Working,Error - HTTP 403
Better.com,https://better.com/careers?q=data&location=United%20States,custom,Not Working,Error - HTTP 404
LoanDepot,https://www.loandepot.com/careers?q=data&location=United%20States,custom,Working,OK - HTTP 200
United Health,https://careers.unitedhealthgroup.com/search?q=data&location=United%20States,custom,Not Working,Error - HTTP 404
Anthem,https://careers.antheminc.com/jobs?keywords=data&location=United%20States,custom,Working,OK - HTTP 200
Cigna,https://jobs.cigna.com/us/en/search-results?keywords=data&location=United%20States,custom,Working,OK - HTTP 200
Humana,https://careers.humana.com/job-search-results/?keyword=data&location=United%20States,custom,Working,OK - HTTP 200
Aetna,https://aetna.jobs/jobs/?q=data&location=United%20States,custom,Not Working,Error - Timeout
Kaiser Permanente,https://www.kaiserpermanentejobs.org/search?q=data&location=United%20States,custom,Not Working,Error - HTTP 404
CVS Health,https://jobs.cvshealth.com/search?q=data&location=United%20States,custom,Working,OK - HTTP 200
Walgreens,https://jobs.walgreens.com/search?q=data&location=United%20States,custom,Not Working,Error - HTTP 404
McKesson,https://mckesson.wd3.myworkdayjobs.com/en-US/External_Careers?q=data,workday,Working,OK - HTTP 200
Cardinal Health,https://jobs.cardinalhealth.com/search?q=data&location=United%20States,custom,Working,OK - HTTP 200
AmerisourceBergen,https://careers.amerisourcebergen.com/search?q=data&location=United%20States,custom,Not Working,Error - Connection failed
Johnson & Johnson,https://jobs.jnj.com/en/jobs/?q=data&location=United%20States,custom,Not Working,Error - HTTP 403
Pfizer,https://pfizer.wd1.myworkdayjobs.com/en-US/PfizerCareers?q=data,workday,Working,OK - HTTP 200
Merck,https://jobs.merck.com/us/en/search-results?keywords=data&location=United%20States,custom,Working,OK - HTTP 200
AbbVie,https://careers.abbvie.com/en/jobs?keywords=data&location=United%20States,custom,Working,OK - HTTP 200
Bristol-Myers Squibb,https://careers.bms.com/jobs?keywords=data&location=United%20States,custom,Not Working,Error - HTTP 404
Eli Lilly,https://careers.lilly.com/us/en/search-results?keywords=data&location=United%20States,custom,Working,OK - HTTP 200
Amgen,https://careers.amgen.com/en/search-results?keywords=data&location=United%20States,custom,Working,OK - HTTP 200
Gilead Sciences,https://gilead.wd1.myworkdayjobs.com/en-US/External?q=data,workday,Not Working,Error - HTTP 404
Biogen,https://biogen.wd1.myworkdayjobs.com/en-US/biogen?q=data,workday,Not Working,Error - HTTP 500
Regeneron,https://careers.regeneron.com/search?q=data&location=United%20States,custom,Not Working,Error - HTTP 403
Vertex Pharmaceuticals,https://jobs.vrtx.com/search?q=data&location=United%20States,custom,Not Working,Error - Timeout
Moderna,https://modernatx.eightfold.ai/careers?query=data&location=United%20States,eightfold,Not Working,Error - HTTP 404
BioNTech,https://jobs.biontech.com/search?q=data&location=United%20States,custom,Working,OK - HTTP 200
Illumina,https://illumina.wd1.myworkdayjobs.com/en-US/illumina-careers?q=data,workday,Working,OK - HTTP 200
Thermo Fisher Scientific,https://jobs.thermofisher.com/global/en/search-results?keywords=data&location=United%20States,custom,Working,OK - HTTP 200
Danaher,https://jobs.danaher.com/global/en/search-results?keywords=data&location=United%20States,custom,Working,OK - HTTP 200
Agilent,https://careers.agilent.com/search?q=data&location=United%20States,custom,Not Working,Error - HTTP 404
Waters Corporation,https://www.waters.com/waters/en_US/Careers?q=data,custom,Not Working,Error - Timeout
PerkinElmer,https://perkinelmer.wd1.myworkdayjobs.com/en-US/PKI?q=data,workday,Not Working,Error - HTTP 500
Bio-Rad,https://careers.bio-rad.com/us/en/search-results?keywords=data&location=United%20States,custom,Not Working,Error - HTTP 404
IQVIA,https://jobs.iqvia.com/search?q=data&location=United%20States,custom,Not Working,Error - HTTP 404
Veeva Systems,https://careers.veeva.com/job-search-results/?q=data&location=United%20States,custom,Working,OK - HTTP 200
Epic Systems,https://epic.com/careers?q=data&location=United%20States,custom,Working,OK - HTTP 200
Cerner,https://careers.cerner.com/search?q=data&location=United%20States,custom,Working,OK - HTTP 200
Medidata,https://www.medidata.com/en/about/careers?q=data,custom,Not Working,Error - HTTP 404
Health Catalyst,https://www.healthcatalyst.com/company/careers?q=data&location=United%20States,custom,Not Working,Error - HTTP 404
Tempus,https://www.tempus.com/careers?q=data&location=United%20States,custom,Not Working,Error - HTTP 404
Flatiron Health,https://flatiron.com/careers/?q=data,custom,Working,OK - HTTP 200
Oscar Health,https://www.hioscar.com/careers?q=data&location=United%20States,custom,Working,OK - HTTP 200
Clover Health,https://www.cloverhealth.com/careers?q=data&location=United%20States,custom,Not Working,Error - HTTP 404
Devoted Health,https://www.devoted.com/careers?q=data,custom,Working,OK - HTTP 200
Bright Health,https://www.brighthealthcare.com/careers?q=data,custom,Not Working,Error - HTTP 530
Walmart,https://careers.walmart.com/us/jobs?q=data&location=United%20States,custom,Working,OK - HTTP 200
Target,https://jobs.target.com/search?q=data&location=United%20States,custom,Working,OK - HTTP 200
Costco,https://www.costco.com/jobs.html?q=data&location=United%20States,custom,Working,OK - HTTP 200
Home Depot,https://careers.homedepot.com/job-search-results/?keyword=data&location=United%20States,custom,Working,OK - HTTP 200
Lowe's,https://talent.lowes.com/us/en/search-results?keywords=data&location=United%20States,custom,Working,OK - HTTP 200
Best Buy,https://jobs.bestbuy.com/bby?q=data&location=United%20States,custom,Working,OK - HTTP 200
Wayfair,https://www.wayfair.com/careers/jobs?q=data&location=United%20States,custom,Not Working,Error - HTTP 429
Etsy,https://careers.etsy.com/global/en/search-results?keywords=data&location=United%20States,custom,Not Working,Error - HTTP 404
eBay,https://jobs.ebayinc.com/us/en/search-results?keywords=data&location=United%20States,custom,Working,OK - HTTP 200
Chewy,https://careers.chewy.com/us/en/search-results?keywords=data&location=United%20States,custom,Working,OK - HTTP 200
Petsmart,https://jobs.petsmart.com/search?q=data&location=United%20States,custom,Not Working,Error - Exceeded 30 redirects.
Petco,https://careers.petco.com/search?q=data&location=United%20States,custom,Not Working,Error - HTTP 404
Williams-Sonoma,https://careers.williams-sonomainc.com/jobs?keywords=data&location=United%20States,custom,Not Working,Error - Connection failed
Nordstrom,https://nordstrom.wd5.myworkdayjobs.com/en-US/External?q=data,workday,Not Working,Error - HTTP 500
Macy's,https://www.macysjobs.com/jobs?q=data&location=United%20States,custom,Not Working,Error - Connection failed
Kohl's,https://careers.kohls.com/search?q=data&location=United%20States,custom,Not Working,Error - HTTP 404
Gap Inc,https://jobs.gapinc.com/jobs?q=data&location=United%20States,custom,Not Working,Error - HTTP 404
Nike,https://jobs.nike.com/search?q=data&location=United%20States,custom,Working,OK - HTTP 200
Adidas,https://careers.adidas-group.com/teams/by-location/united-states?search=data,custom,Working,OK - HTTP 200
Under Armour,https://underarmour.wd1.myworkdayjobs.com/en-US/Under_Armour?q=data,workday,Not Working,Error - HTTP 500
Lululemon,https://careers.lululemon.com/en/jobs?q=data&location=United%20States,custom,Not Working,Error - HTTP 503
VF Corporation,https://vfc.wd5.myworkdayjobs.com/en-US/VFCGLOBAL?q=data,workday,Not Working,Error - HTTP 404
Ralph Lauren,https://careers.ralphlauren.com/Careers/Search?q=data&location=United%20States,custom,Not Working,Error - HTTP 404
PVH Corp,https://pvh.wd1.myworkdayjobs.com/en-US/Global?q=data,workday,Not Working,Error - HTTP 404
Hanesbrands,https://hanesbrandsinc.jobs/search?q=data&location=United%20States,custom,Not Working,Error - Connection failed
Starbucks,https://starbucks.wd1.myworkdayjobs.com/en-US/External?q=data,workday,Not Working,Error - HTTP 500
McDonald's,https://careers.mcdonalds.com/corporate/jobs?keywords=data&location=United%20States,custom,Not Working,Error - HTTP 404
Chipotle,https://jobs.chipotle.com/search?q=data&location=United%20States,custom,Not Working,Error - HTTP 404
Yum! Brands,https://jobs.yum.com/jobs?keywords=data&location=United%20States,custom,Not Working,Error - HTTP 500
Domino's,https://jobs.dominos.com/jobs?keywords=data&location=United%20States,custom,Not Working,Error - HTTP 403
Starbucks,https://starbucks.wd1.myworkdayjobs.com/en-US/External?q=data,workday,Not Working,Error - HTTP 500
Dunkin,https://www.dunkinfranchising.com/franchisee/en/html/page/careers.html?q=data,custom,Working,OK - HTTP 200
Panera Bread,https://careers.panerabread.com/us/en/search-results?keywords=data&location=United%20States,custom,Working,OK - HTTP 200
Sweetgreen,https://jobs.sweetgreen.com/us/en?q=data&location=United%20States,custom,Not Working,Error - Connection failed
Shake Shack,https://www.shakeshack.com/our-shake/careers?q=data,custom,Not Working,Error - HTTP 403
Coca-Cola,https://careers.coca-colacompany.com/job-search-results/?keyword=data&location=United%20States,custom,Working,OK - HTTP 200
PepsiCo,https://pepsicojobs.com/search-jobs/data/United%20States/1104/1/2/6252001/37/-122/50/2,custom,Not Working,Error - HTTP 404
Nestle,https://www.nestlejobs.com/nestle-usa?q=data&location=United%20States,custom,Working,OK - HTTP 200
Kraft Heinz,https://careers.kraftheinzcompany.com/Americas-and-APAC/job-search-results/?keyword=data&location=United%20States,custom,Not Working,Error - Connection failed
General Mills,https://careers.generalmills.com/jobs?keywords=data&location=United%20States,custom,Working,OK - HTTP 200
Kellogg's,https://jobs.kelloggs.com/en/search-results?keywords=data&location=United%20States,custom,Not Working,Error - Connection failed
Mondelez,https://careers.mondelezinternational.com/search?q=data&location=United%20States,custom,Working,OK - HTTP 200
Mars,https://careers.mars.com/global/en/search-results?keywords=data&location=United%20States,custom,Working,OK - HTTP 200
Hershey,https://careers.hersheys.com/search?q=data&location=United%20States,custom,Working,OK - HTTP 200
Hostess,https://www.hostesscakes.com/careers?q=data,custom,Not Working,Error - HTTP 404
Procter & Gamble,https://www.pgcareers.com/search-jobs?q=data&location=United%20States,custom,Working,OK - HTTP 200
Unilever,https://careers.unilever.com/jobs?keywords=data&location=United%20States,custom,Not Working,Error - HTTP 404
Colgate-Palmolive,https://jobs.colgate.com/search?q=data&location=United%20States,custom,Working,OK - HTTP 200
Kimberly-Clark,https://www.careers.kimberly-clark.com/en/search-results?keywords=data&location=United%20States,custom,Not Working,Error - HTTP 403
Clorox,https://clorox.wd5.myworkdayjobs.com/en-US/Clorox?q=data,workday,Not Working,Error - HTTP 500
Church & Dwight,https://www.churchdwight.com/company/careers.aspx?q=data,custom,Not Working,Error - HTTP 404
Reckitt,https://careers.reckitt.com/search?q=data&location=United%20States,custom,Working,OK - HTTP 200
SC Johnson,https://scjohnson.wd5.myworkdayjobs.com/en-US/SCJ?q=data,workday,Not Working,Error - HTTP 500
Estee Lauder,https://elcompanies.wd5.myworkdayjobs.com/en-US/elc?q=data,workday,Not Working,Error - HTTP 500
L'Oreal,https://careers.loreal.com/en_US/jobs?search=data&location=United%20States,custom,Working,OK - HTTP 200
Revlon,https://www.revloninc.com/careers?q=data,custom,Not Working,Error - Connection failed
Coty,https://coty.wd5.myworkdayjobs.com/en-US/CotyInc?q=data,workday,Not Working,Error - HTTP 500
